{
    "acc_bias": [
        -0.1778,
        0.1337,
        0.2081
    ],
    "acc_scale": [
        1,
        0.9997,
        1.001
    ],
    "device_class": "controller",
    "device_pid": 8210,
    "device_serial_number": "LHR-FF73DD47",
    "device_vid": 10462,
    "gyro_bias": [
        -0.006877,
        -0.01038,
        -0.002293
    ],
    "gyro_scale": [
        1.0,
        1.0,
        1.0
    ],
    "htcComposeTime": "2016-11-26 21:00:09.858000",
    "lighthouse_config": {
        "channelMap": [
            0,
            1,
            2,
            3,
            4,
            5,
            6,
            7,
            8,
            9,
            10,
            11,
            12,
            13,
            14,
            15,
            16,
            17,
            18,
            19,
            20,
            21,
            22,
            23
        ],
        "modelNormals": [
            [
                -0.5913480520248413,
                0.31871703267097473,
                -0.7407610416412354
            ],
            [
                -0.7573763728141785,
                0.4692562520503998,
                -0.45407021045684814
            ],
            [
                -0.777337908744812,
                0.5316529273986816,
                -0.3362899720668793
            ],
            [
                -0.4884379506111145,
                0.8437519073486328,
                0.22251096367835999
            ],
            [
                0.7505170106887817,
                0.5302649736404419,
                -0.3943899869918823
            ],
            [
                -0.7505170106887817,
                0.5302649736404419,
                -0.3943899869918823
            ],
            [
                0,
                0.9245688915252686,
                0.38101494312286377
            ],
            [
                0.4884379506111145,
                0.8437519073486328,
                0.22251096367835999
            ],
            [
                0.777337908744812,
                0.5316529273986816,
                -0.3362899720668793
            ],
            [
                0.7573763728141785,
                0.4692562520503998,
                -0.45407021045684814
            ],
            [
                0.5913480520248413,
                0.31871703267097473,
                -0.7407610416412354
            ],
            [
                -0.5849689841270447,
                -0.8044440150260925,
                0.10334999859333038
            ],
            [
                0.01920900121331215,
                -0.6634160876274109,
                -0.7480040788650513
            ],
            [
                -0.6286242008209229,
                -0.6735491752624512,
                0.3887970745563507
            ],
            [
                0.09504295885562897,
                0.4070657789707184,
                0.9084405899047852
            ],
            [
                -0.4120441973209381,
                -0.5367212295532227,
                0.7363083362579346
            ],
            [
                0.6496122479438782,
                -0.5894832611083984,
                -0.48011818528175354
            ],
            [
                0,
                -0.4897621273994446,
                0.871856153011322
            ],
            [
                -0.6496122479438782,
                -0.5894832611083984,
                -0.48011818528175354
            ],
            [
                0.4120441973209381,
                -0.5367212295532227,
                0.7363083362579346
            ],
            [
                -0.09504295885562897,
                0.4070657789707184,
                0.9084405899047852
            ],
            [
                0.6286242008209229,
                -0.6735491752624512,
                0.3887970745563507
            ],
            [
                -0.01920900121331215,
                -0.6634160876274109,
                -0.7480040788650513
            ],
            [
                0.5849689841270447,
                -0.8044440150260925,
                0.10334999859333038
            ]
        ],
        "modelPoints": [
            [
                -0.03392874449491501,
                0.0712059736251831,
                -0.022041834890842438
            ],
            [
                -0.03630479797720909,
                0.0896187350153923,
                -0.007845153100788593
            ],
            [
                -0.05274632200598717,
                0.07569526135921478,
                0.007900708355009556
            ],
            [
                -0.02720334194600582,
                0.10269506275653839,
                0.032234933227300644
            ],
            [
                -0.02934117801487446,
                0.09449922293424606,
                0.0005964967422187328
            ],
            [
                0.029345523566007614,
                0.09446785598993301,
                0.0007030338747426867
            ],
            [
                0.0001583375851623714,
                0.11073064804077148,
                0.031680285930633545
            ],
            [
                0.0272305179387331,
                0.10261480510234833,
                0.03218720853328705
            ],
            [
                0.05282217264175415,
                0.0758100375533104,
                0.007892736233770847
            ],
            [
                0.03618156909942627,
                0.08967906981706619,
                -0.008058397099375725
            ],
            [
                0.03382699936628342,
                0.07121912389993668,
                -0.02204584889113903
            ],
            [
                -0.031074699014425278,
                0.06517180800437927,
                -0.016330474987626076
            ],
            [
                -0.04547704756259918,
                0.0646015927195549,
                -0.003012261353433132
            ],
            [
                -0.051793407648801804,
                0.06766904145479202,
                0.015184236690402031
            ],
            [
                -0.046036142855882645,
                0.07757990807294846,
                0.019964052364230156
            ],
            [
                -0.030637551099061966,
                0.09321798384189606,
                0.030673587694764137
            ],
            [
                -0.01536942645907402,
                0.08393383026123047,
                0.02228439785540104
            ],
            [
                2.901086418205523e-06,
                0.0557926669716835,
                -0.014186608605086803
            ],
            [
                0.015340209938585758,
                0.08407080173492432,
                0.022231267765164375
            ],
            [
                0.030839966610074043,
                0.09304032474756241,
                0.030498499050736427
            ],
            [
                0.045872706919908524,
                0.07738349586725235,
                0.019604137167334557
            ],
            [
                0.05188312381505966,
                0.0676514208316803,
                0.015388780273497105
            ],
            [
                0.045548051595687866,
                0.06462886929512024,
                -0.002862126799300313
            ],
            [
                0.031018106266856194,
                0.06502995640039444,
                -0.016566036269068718
            ]
        ]
    },
    "manufacturer": "HTC",
    "mb_serial_number": "42FM16B818537",
    "model_number": "Vive Controller MV",
    "render_model": "vr_controller_vive_1_5",
    "revision": 1,
    "trackref_from_head": [
        0,
        0.7253744006156921,
        -0.6883545517921448,
        0,
        0,
        0.07100000232458115,
        -0.03099999949336052
    ],